,State_Name,Assembly_No,Year,Valid_Votes,Votes,Percentage
0,Goa,7,2017.0,916216.0,10919.0,1.1917495437757035
1,Manipur,12,2017.0,1657776.0,9062.0,0.5466359749447453
2,Punjab,15,2017.0,15443460.0,108456.0,0.7022778574231422
3,Uttar Pradesh,17,2017.0,86727767.0,757643.0,0.8735875789353599
4,Uttarakhand,4,2017.0,4975167.0,50426.0,1.013553916883594
