,State_Name,Assembly_No,male,female,total,month,Year,Percentage
0,Goa,7,,,82.41642686681821,,2017.0,82.41642686681821
1,Manipur,12,,,86.588601039517,,2017.0,86.588601039517
2,Punjab,15,76.69,78.12,77.37,2.0,2017.0,77.10357608046013
3,Uttar Pradesh,17,,,61.22049895221873,,2017.0,61.22049895221873
4,Uttarakhand,4,62.28,69.34,65.64,2.0,2017.0,65.40822830241962
